<?xml version="1.0" encoding="UTF-8"?>
<project-private xmlns="http://www.netbeans.org/ns/project-private/1">
    <editor-bookmarks xmlns="http://www.netbeans.org/ns/editor-bookmarks/2" lastBookmarkId="0"/>
    <open-files xmlns="http://www.netbeans.org/ns/projectui-open-files/2">
        <group>
            <file>file:/C:/Users/Jihanai.LAPTOP-2RLUNQCA/Documents/SKS%20SI/Semt.2/DDP2/Tugas/tugas3/DDP2A_1606837846_Tugas3/GowJekApp/src/gowjekapp/InvalidPage.java</file>
            <file>file:/C:/Users/Jihanai.LAPTOP-2RLUNQCA/Documents/SKS%20SI/Semt.2/DDP2/Tugas/tugas3/DDP2A_1606837846_Tugas3/GowJekApp/src/gowjekapp/GowJekApp.java</file>
            <file>file:/C:/Users/Jihanai.LAPTOP-2RLUNQCA/Documents/SKS%20SI/Semt.2/DDP2/Tugas/tugas3/DDP2A_1606837846_Tugas3/GowJekApp/src/gowjekapp/Transaction.java</file>
            <file>file:/C:/Users/Jihanai.LAPTOP-2RLUNQCA/Documents/SKS%20SI/Semt.2/DDP2/Tugas/tugas3/DDP2A_1606837846_Tugas3/GowJekApp/src/gowjekapp/Inputan.java</file>
            <file>file:/C:/Users/Jihanai.LAPTOP-2RLUNQCA/Documents/SKS%20SI/Semt.2/DDP2/Tugas/tugas3/DDP2A_1606837846_Tugas3/GowJekApp/src/gowjekapp/HalamanAwal.java</file>
        </group>
    </open-files>
</project-private>
